CatalogID,CatalogNum
788,D15CC55UVPA12-FS
789,D28CC95UVPA12-F
790,D28CC95UVPA12-VF
803,D10CC30UVPEL-C
804,D15CC55UVPEL-C
805,D21CC80UVPEL-D
806,D15CC55UVPA24-FS
807,D28CC95UVPA24-F
808,D28CC95UVPA24-VF
813,D15CC55UVPWA12-C
814,D15CC55UVPWA24-C
815,D10CC30UVPWA12-C
816,D10CC30UVPWA24-C
817,D21CC80UVPWA12-D
818,D21CC80UVPWA24-D
819,D15CC55UVPID12-C
820,D15CC55UVPID24-C
821,D10CC30UVPID12-C
822,D10CC30UVPID24-C
823,D21CC80UVPID12-D
824,D21CC80UVPID24-D
825,D15CC55UNVPW-C
834,D21CC80UNVPW-C
835,D10CC30UNVPW-C
836,D700C20UNVPW-C
837,D15CC55UNVPWX12-C
838,D15CC55UNVPWX24-C
847,D700C20UNVPW-L
848,D10CC30UNVPW-L
849,D15CC55UNVPW-L
